name,account,rating,comment
lbu7w4o9cnf,8z0y6eabvtm,5,ysmog0i8u3j
lir979asnyf,j3wxbrgrjx,0,ihzb3o7cyok
ir3x1ont5q,rnbh1ch64aj,3,iuwpr8w5l8a
6hrwblmt25t,o4yulj3lb4m,5,yetwkgpxuv
e4qdwnxdsw,fzxv1lrwnc,4,nm55ydaad1t
rgih3pkz3u,kltkqf6glv,3,hu4soplmryd
zg0m0lphtm,g4ua7wzob77,0,3xvcgd915wa
vnyqpnn8n2i,zhjdm56ovkg,0,slmuodfapj
3fnkpa0qzhu,px4o2dkjb3,4,pwkg40bm13h
2haymddy9xs,u2a3aoyjfj,3,il12ov8fh2g
f6rgpodz38d,6k5ky6q2vl2,3,h9feq980pfg
n14i82fobsr,a6tdar5b7rm,4,lobr3t4dbu
dh4otf4b319,zlkjr3n8fkb,4,s0uh24db8n8
g1n9ndvvui,y13yty9vcfs,1,e97zk8dcmxb
u9zw9yuaxxb,poj4tfm75z,0,5kv3wsrf9c8
o7w5zno935,05b82m66o33,2,ocl03ac3i5r
3u53plf4s8o,ooxzm5a6sf,2,7iuuvby177j
kk9aurjovo,kvngcmm0cm,4,i4lmngbv1c
897i90aic3l,96y1jr62i3w,5,6dvnblw4jfm
n1z0gx72dg,zfmmwx898yr,0,f3hfq8c836w
lgoy1km10cr,8ggclasy4b8,2,9nc1xjnj01e
zl8edxrvs9,1xj8dpq29k3,1,hou3by1mfoh
eb2bpskmh6w,fbtl3smkipr,4,hhxvygbdjk
a15o3n2ns1h,p7hy0tozhk,4,xx7ta00gaec
yjah3g177se,v2bwnxl841,0,4xikgxekups
est4vlc7nbt,2p5ch2s45qc,5,en4tmlka64s
ee1z1ny05kh,o1usz3rwpen,0,sswmxjop6kq
7wfvji70yfm,aiu1p9owa5m,1,cflpxyykodm
rbynndqes7,r6y486afjx,3,33il2f9ovet
oo2vk59csy,0wp8ckgvcj5,2,rzcnmauqw3e
m0jg3th69dn,bh01wl7slfc,4,bjdd4e1af4o
q4n0l8a5rz,9jz3xh0gi79,2,pyxmb6n5my
eh69yh56g6,qngcc7htwas,2,3bed3md500h
ilv2j8pcy8q,a8ts3gz11yr,2,n2mbnvgev5r
p6utuwuuo8n,vfyms011z1h,5,26svzuvy4lr
yh7sjo8axj9,4ylnfqfei16,0,r911l5pcthf
muzyho2bgmp,w10m3jay5km,3,xjl9h74ibun
0ufo6begxsk,ov8pvbgj4ar,3,cv7ul39lbe
6swdka8e8hr,ijxnx6jrk4i,2,ya3hqsky8ol
e66uwu5zpo,gt4chwvssz,2,1eoaw469rx2
1iyt0xgz3qt,vc9xt1f5l6b,3,js4o4r7cjel
xs8pdx2pvq,7urlzjl7vsn,2,jmh8fqxkr7
65uf8scmeui,a7g3af9ias,2,i3b0z6qz05
1dwoy3m8n3r,qbmierjzrd,0,0t4vxk4zoz9
ts09rai95l,fbs1wb4jw9i,1,hqun3kp6d1c
m6i4xjbr2b,tageyvfvn6b,3,spwbfbqs0jm
nz7abmsvnce,h60qeetgzxt,5,z8updxhr3na
qovig8x3wp,56hdv5etsva,4,qmdnv6mrhb
ei7qjl4r4jc,jfwkqeku7ks,4,k3x9qhsu6s8
10xbfmyueo8,j357tvzq6a,2,upeyugd8k8o
vgisc42c4o,6kv2nvo5wrm,0,ppym0oygn2
64qdyvpy7sx,n1uvvj0edha,2,1ge5rx5kgr8
9drw5gpp5n,jgk4kugw8u,0,ggu5k78ardq
2wh879dl73n,b11czyg91g,3,gdow43kmb19
3fdij1bvbhd,4qdaaktc1n4,5,o30yfba9gj
13tfagtp4gt,r6o38fn7l09,2,vuvjagmlpx
ufumvywc28d,731oeymqb2j,1,67j5roez28u
si6oruzwg19,9kpd6w6t8a5,1,745xhql925
pbz7mjpvf5,emw3k4dolqf,0,jzfwdruzspp
ttnh2z3ux4h,3zwwf1rw0dh,5,pzlqgy1852i
hjtfzrxk9dp,d4yx2n93ijk,1,6w0r5xx01c
woltsnnzfx,g5fntzt3lwt,5,eo7boq7d6or
uqocixryq2l,76viwo312s3,0,3sruz50lce
en89cf11z9p,n2fpn29l1c,3,3bqjx1cw7ap
vsksy66yhj,dnid64ymcja,5,7tkrwce567
23tu7wiggjw,2tzlijuhmp,1,mx9wu5hfojd
uv6q3uuzcx,j20r6chtehm,5,9ot5i3axi9p
02rvl55oqwp,mhw1t79n18d,1,2eb03e18gze
pnna1f1s2ao,g4n2b0k9pn,1,3a7rgxk00ne
yxeuyjz7kjl,ourbda5269d,1,re5v6a6s52b
0rzu3qvwuw6,yrorv6bspg,3,vnr65puxq8
ouh2vi9pr3,kefkah7vqro,5,elrtcincic8
pfl9z5xz51s,yld0es6ag1c,1,67uz4qnsh8x
sx61n729gep,zx5ngv309qg,1,ann8hn0qdgr
x35gnjzqk,wcpsr5udyxi,2,cfshpbx37g
by4lmg4tkm9,zzlh77vvdna,0,d96ffkc9iuu
ug85w1349p,pr59vihnl6b,5,5zlntwysibd
spnpy91ywdh,00u8lvwds5z,4,pa445anfish
j6pfiy33b3d,5flabnysk7t,5,cahchwmp0n
tc3hmi0kg8,jzmh3phb2yc,1,f8z3vm3z736
oh1x1nkpx0p,816j3mzwtqf,0,dcxfv83s9jc
xctr7z8pz1c,xoqhynuazwn,5,2zo8lkkxat
h9i8e685v4g,iff24ec2jt,5,xrg7se3idm
234s9a6dx5y,v1mspaw4crh,5,mqekejv88x
pk07scgtzd,hvep66nprsw,4,2at7zf43scl
0ylmjjglfr3,w7y0bbfgbio,5,ibwlqqd4a9
lvydc2tv3k9,3684z9hekei,2,m020xytuaff
iemp8qqexb8,szljf4rjp2,5,ksr278mi3q
9s5u01komgc,e29lkam3b6,5,b7jygjz99fa
rigq33ml608,onxojqpyjq7,0,xxi0rfrpe6
xt0m5wjvo28,0umtl0ylogl,3,rm3ls1o0wai
33zqrjsolmb,yszdy7lmexr,0,62vl3yiopks
e8w4d6cgwpp,ir0rgff3wid,3,8jnpjhaq9ch
s9ok28nh4ni,no8ft3mule,2,c11ux32jbrq
8av2uuvnnf5,43tw6f0nyll,5,3hxioar7b5
gocggl7kz9q,yjgwqivb8vk,4,7qfdem7on7l
13gw7t0tte4,scfmsiek4oi,4,amsk74pdp6i
exffr9x3p7q,ul6u8g0uex,3,chf7qyh6q06
lqb2l0lr61,io2d8dknv9,2,i257mnsdrlh
jnz2cxph2s,00k7tvp0seb,4,oohgjqfvddr
akqserxup9,2ym5146y7pf,3,rg2xywfqh9g
hgrbi67dv48,9xlipev8wum,3,vc588xwwo2
zja2p5s09cb,k6xa3o7zap,5,uk7wrieav9
tfomjyl8jcg,ckqj1igsnx6,4,qdye90pwmmo
gtg0a7nvl4k,oabnhyxr95a,2,pj394eglxp
dc56zl4wwoj,o9fjkqph96,2,0izpx2jzx17
q8y4mqiu5e,vqykytl7ad,1,5t60bod4lmw
3e5y70j8ho7,0low5cm0tca,3,cs0ssubwtm
odwjr0ut33n,adseq642k4m,0,cgapq6dehs
qdd9gxkqptn,3gjpng0yacc,0,dubwwkz91vr
5qcf36wo87x,o8zhg513ueg,5,adio0302r4
8ztwgl4y3ai,e1qyhfwqc1o,3,pty4e5ttase
je64uq30ox,upz07jilkv,2,wsnhogn6xp
2oiom58dyzz,p5dvhfyo9jb,5,bfvl97fires
y7bobaj2rte,ma9cbyvq6lh,4,x4q8dxgx05
4wril7f0ta6,rmiyqkqnxje,5,9biyiqh6xu
a4udo5yazww,9kn5fopa1ua,5,rd4qvqid2y
ap7jjv6cba4,z3nxfe4zdxe,3,owa63q6ew5k
0xlzqy8trfv,p7evzuiz2p,5,ms7dw57dz6k
tja8qg22j3,rwozbyj8tgp,0,s4u3iekq9lo
uc213gy65d,g5j6j108ja,5,lrbxtrr887
86z5mmn2um6,dzcppv2u6je,5,0dhl1b1qt9e
w1cvbd0busc,t2nydlqjdce,5,iqi4hl5u7z
hipjjd1l4b6,kedc4qzbcya,1,3zgyuz2cekc
2ptpn1mo6bc,7xwrrlh6erk,3,hfji2f1ib4m
x4ah0fi8jyk,5smlwha77yf,1,o397nl9j4g
u5j3sd2bp3k,mkcalful0nc,0,589zbwyzo7
71qiatkvca5,id7m88eyat,4,yy0uyln9xmf
tr87yrxpwy,2031eb1eyek,3,8qznyfu5mqs
jy0jrqo2om,y58i9dmdymi,1,msroxyq063
xq1a7qdi0j,a6k57qgs7el,4,s986rfelzs
ow0y3car1an,1e80atmdcqt,1,395koj5s28q
1r267pnmts9,f13mfikods,5,3mpe6u2gq5k
cvmc7hwlpy,2tezpl3apni,4,bcjgrfdwn4g
ki4sfmqseep,hkbmfkejs8a,5,vevvwqg6fxo
5qvbt46kxn2,9ce2gcdb7y,3,1ot029d3zsl
z48r8u92err,xa8dws9auy9,1,funmic9g0eu
r394crvwuj,m0picxvwx4,4,h27pg4o30iv
ymnxqisdyu,phsilwhvaqp,3,f5u45px5pj
zszj6tcyqqs,1zwqu0jrjtf,4,inze457imka
wltcq5y8gmi,kzak856g4i,0,5csh5gekz5w
iqhdn3ei6u,x94biy2uvgf,3,gc9cvz9f7g
m7gti40c57g,rych1ifj6uh,3,gufxom1p6pl
ey8rvgl9746,bcm5jmc4li4,0,fe5ixhs99c
9lmaeq4dm0t,8n6gobtxtht,3,wmpsroddnyd
a60igfz8px,ytpa8ob772e,4,65swfpao9ti
g9d5khipu24,mjfioors4mg,2,fgjendvs98m
4hdiao4n5l,panvhrw9lr,3,fhjm1bqjiq
uv3xd61ex2,3lcqexvltbv,0,gul049hp2cv
s98pniqb13,d3ja8ewtbnt,4,b2puqudak2
6vjm7cxjuo,vzgluh6szg,5,1wyj0oq5j4u
d48pf489ara,5vro8qrhzzs,2,zcesfa6yj3
9z6d007s1yr,t6422hqb0p,1,jwof2pmfot
f8pcf04umi,ct2faufdjcr,5,l6sg7hiuyoq
64xc0fy304v,lz77y2gmuf,4,68ur5jh76mg
e0ildz2cuo,bgxumot8kcr,4,583uq0shaqa
cgaq1nc3vz,mgozgu3lbee,1,oabe0pljokm
aiqdz7s7b5r,9hv9g55q895,4,3fnxqzsoot
yiqtfdqmcg,flchu8qweg,5,40pwobaavsn
so58bmzw3fm,30ed01v15wo,4,ew4vpyu6h0u
80dr1eyswcm,2ry9jyn4mfy,4,juzvk9m9c7
o7qld2fqkx,f66ntz7uz8,2,cmv1de8oxfp
wd2qeg60y9j,27qca7t442x,5,xulzpa31e48
if3rzt1iege,8gf0u4d0pyq,3,xjmnoy6gn5e
9dsolmktxb5,aata7gvrxsc,1,82uwtfkl3ro
ag275qnf5wr,mq3nlug8z4l,1,q4rmt8e22ee
k9m9dp5dzqm,u9qyprubso,5,evmglnb62s
nwql049xcmr,gbve93v3i3,0,iectyrbzvz
esr9jk6w8im,sw8mdljnchk,1,r6z8g6u4d6
3y5ods636l4,n43u0at4oi,2,v0wrfcn8hr
asbfshocx,qbwstlnzco,3,5e14touqlvm
o5h1clmq5x,6t522rma2ja,3,pus9rsn87me
0z0jes0mvhe,42am6g8w2dw,0,emvhfssxgi9
6ac4hvjrcc,ifak3zcm19e,2,7kr29b6xz6q
bkmz0nrvyiu,ek8o3iqdvyi,5,fo7rq6yo4d
viobombgtpf,s1w9nf3g49,4,ibzz06a516
baxc152hrj,kxqtmj8a4t,3,mtrrqijji3
gg15n8056ot,m8ub9q7vahc,2,sg7t5q5as4
uyoffvi8a5q,6y9sgkcx0g,0,74tc86fndh7
ve4qwdo92g,6wftx97r772,4,9n4skfhk0ec
0e8pt0chmlr,bk6455pao6i,1,0ge3kr10p0y
ylz6thcp04,1og15j8zdy6,3,nam8nmr3qkr
mzn6p3ypc9,y1csj08q3p,0,mhm9iza789
3ndfjcldec3,1idkle6lage,5,uj2l5kzy54d
4dx2uqsl5yi,8sadpzay1t7,1,1h77654yf1q
uw6ui71xks,5orbao30diu,0,ni4945tb2pn
ijqea7m8xsg,rdeh64o786,5,pcg6o0jeab9
0t8j04nx1ps,dmgo34vu3l,0,yywhaeeab3
5hkrkhlnkmt,pctql65gkl,0,yoq9dsmpzfs
v2i1ctyls1,ddntclrrx2,1,rhw0x0vz7tg
vot7mzgpiu9,j3ca19a6zfr,2,5ua9xn87rrj
x1wtgk0kdf9,kjhxt3yudng,1,zol9mv0wj1p
lg3r9vwntan,h2jox85jsfs,1,uwhb22x4ifh
qx40ugetggi,2k3ubsz1kos,1,147zttj16mr
0jaquv7jujf,i8ttepswh3,5,w17r08iy288
czf9au4u20g,yjn4iwvamgs,4,jfoywdpqgx
aqe2eyki0ca,j4sba2wpdy,5,n4oxxf55yvc
suou6xefut,3j8io8jfcue,1,a52kpntcdlf
yoqbeycczir,16dwasi5eci,2,ev67q49robh
czh70ane0hi,ifvhy46478e,2,bt9wysd0dr
07xetiomabi,tk0n0e9pejq,1,rtdnecnw27
ig8urh74569,hnby4nekyci,1,aasj3g9hrpn
yhnok3hcy0k,l45bk9b2hti,5,hz6cszwj69f
wxkho9408si,mhxq45nitrp,3,qr2p27rage
dwtq5uklula,4df7v1gmzt,5,48xxcw0lfp7
eg4rzv81rzd,k738efik96o,5,kpz07fy0fmf
25veq5w5m9w,tas59igcag,1,t89hk4qza5g
yaj1r9l35r,33l9ciwh4kx,5,p6f9c7ccssh
rqefbnna1xl,8w9uero0tu8,3,h7bnu95ghwv
eb1hd4a5ks4,w8dwrke2tv7,0,jaxo9hpjhj
qxpmgwp01ys,almi4p0qs0c,2,dul4uwctmj
29odt3hxo5v,6e89env0l2g,5,zc42vubytra
szotrnqg6xp,16rm5tfmpop,2,m3s2lf2t7
qw3uklpruh,m10qq9qk08,5,5p49w5rcrw
qwacnsnxktm,rxnguq5tipl,3,6l327olf7mx
27vzogs6jdt,p0zjpmx1hro,0,mhxpbg93u8i
tc4pv3z05vh,8t1iino85sg,2,m4m6zt2rxe9
0qy9sa8fjde,y9ywt9dntnp,5,6z5aqi8diof
bk9vdrsck4o,edlulsaorg,0,1cv54gpdcxr
chfa6vblono,qivlrags5lo,1,692ecs24u8s
my525dt5os,z5m9he5y2k,3,mu555cp166
ojg8apu8r2,pdq5ripl3v,5,esoctz6kpse
vplqksowuzk,kao2npnn5w,0,3urwr9wgyql
wbsxjy37p2,986rpuipwn9,0,9tn42qlew8q
80znpwhqg3,h3tm63xsr1r,0,wjkon2qn6h
n8lmqpc9ed,afk2daezc6k,1,j4y3ukkh9h9
nnwlh4yh6po,nyt2aq6i72,4,z38uilqvte8
x7zbqz3re2,q14djvi4hr7,5,lzl4g1k9bq8
dyh5avs186u,metu8mwp81,0,6fh8hwwh6g7
ijlgs35ehb,46jcdv8cqix,4,su4yrwea6ip
g1c2biw75eg,akcicss87wn,0,d61tjh17ozs
xh6tleq7o7,m8g2o5pzuy,2,tfsdxv4irzm
iaxcs2pmmga,138bt81xcja,2,et12qya0jq
efg0d795dru,uvsupu2q0fq,5,7gyqygungdq
e3iy0fxx1hv,819qpsm52es,4,3e900axjzs9
o31y0r01lh,n4hjvzt1au,5,2onhy40keef
t949ssx4ti,3yzjds32cqq,3,iewxext3cv
yt6jemwuvvb,o42d8zseybi,4,cp5qaown2g
3skp85chbus,kqfkui88pmb,1,foc59kxss1m
sp8wfykbcn,lifi955rm6,2,idxjsatilxo
zhheke0epse,8mzsfwz4oqy,0,hvor6dw9xd7
rwb3cj0k5,ws1s6adfia,3,ec8wtevbbj7
un7nmzhdxc9,en5v4uob2au,3,vtvk5yhodu8
7qbr3un2x,q02u6e6g6li,2,0vpkbzeu646
6uuub95eho4,d3w19bm1fwm,4,1wy13jw3iql
pt1rb15mlkt,l7wrv4lnv5,5,nnhtmz8z49
qej2yz42xq,x3bt6x9cv0f,2,n3kms6t0ds
g9eufz96puc,pkqqcobtx4,3,tv35a35vt4
gbltd52simi,fyvsoqe6dwv,0,kond1zppl1l
b260s4ngt4i,5xvdtdc13s,5,4znx6lk3pgc
alrkz6caxze,kldfojqlvm,1,2p3892srov4
urjswwk4e68,c90yzhosyse,2,dl5eny6bh8v
asb2v9dpeqe,teig1zuzm1d,0,oyh6epf8tjn
0y5po4qcq7u,1lcvsegi6ie,4,8osxjydeks9
o8s30leei9a,n6izozws42,4,wxweniw3ol
timdyxxipt,zpoa9fjcswi,4,92x081jprj8
qviqoyj0zfm,rfmr3huk04,4,4m2mdroxr5x
fu67cs4p895,pugtvdrkmg,2,ffeel105qyi
edr034u3v7w,vyeh5nwivcq,2,u1hd3cvubsd
6534veoiiqr,89ssuu3yjxm,4,jmyugzcat2e
3fgm48ll94t,mgbrd3feer,2,ybvby2e5kem
0y2qqsfhl92,82veja3kgx8,4,t3j52ax8ogq
7f5trs3sap,791txy96vit,4,z6is6uwg4v
oa8zid53jxj,56zk7qehmey,1,oylnhc0l6ds
zul235o3v,7gcjjqeoa8q,2,vsdlh6qscga
22ca073czmn,374co5gfhd6,0,wilnw9syd5
rwsfd1h04zm,qjkt49ojgvl,1,3olojpm1dwl
lx7wrvr45rc,zd7tskwsshl,0,al3m0irinb5
5m14e4sxnne,rxxtqrfy82,0,0fgak3sjlaz
ciqbwftqlca,4ao0qglkt0c,2,h75bucuky3u
5s4p21ux3nk,trkig0eabis,3,ijb0lex7ycj
0uf3o88gdsp,t23vl17wmbo,1,8fd8z15fdbp
ge1are9bnqr,xw1yc5mutdo,0,igghr0lpq6h
yngeqaj9d,3sbncsjsfc5,0,vp7nqnao0qr
le8wshsnwam,hwsh43snsf4,3,1zxobioc9da
9kpf8rnxya,medx3250sm8,0,sp8866t7zkq
k6hn6vhajc9,eden4ya20z5,4,uiwvsohttv
q9yo31monu,l73wndbjc4f,4,hyto3w9a774
up57woxjbwn,vj9uikv089g,0,qmeidokddpa
zih3njbuvxk,zusfbzr47hm,5,ezpcrg5jrs8
fzqkxa6yof6,9equtoyczdn,5,gwn70w895jn
3emd5ofendr,2522xa4wajd,2,g79z7usa64h
p9xcl5vgl4f,pe1xdzphad,1,afzryftdw8o
l2xrqoh8rsg,eozue3isw6k,1,xb9k57syiv
lfbiptp0qas,qv1nimvtto9,2,e4fabp6u9v
jr99yzqmbi,6pl6oxteigd,3,m6n1f7887n
80thf03kglu,uoy9frw04w,4,dn8xhjytcc
1dmtwo5jdoz,a45rjfx7dg,3,ubvi2xsonam
fpzzynt53v5,am1htwtgi29,2,rfja3tbxndd
1hb82psb1sh,6uv2n3lmpb8,3,jmsts138c3g
ld0xerwbj8,fomj0q36647,2,rdfifbx79e
bp798oo5l89,oiwntjh823,5,wkyooxsijok
47ggl9vdiyb,35c8uusrdqx,4,38xjvkis4zr
ur646t5n7aj,p67i4nwotd,5,q1s1ruwka9b
ukyumn8xorr,6h3ullvw7e9,0,fs06xqrpnn
n40nk249st9,toqceg8j708,3,nmj8n9m6bsj
5f45tg1boc,khcetli5ogd,3,oyqbfsfec2j
ikyccvw960q,f7w4jfogm5l,5,rj47ljt3a3
dyv5pk9i0q6,5esj1en7mv7,1,3lpymlv146i
hpo765oyzvc,9idchffd9yb,5,5utqx2we29t
8b6m2uv0cyb,xy9n79dzws,1,ef7sx54ma1l
e8gkxg72bbj,nhvysc18zos,3,0jwcc0ps8pd
3ccvn2zqbb9,g8l26o2i52,0,oi67nhpl75k
l7n39hj9jm,ogqdib83p7,4,mz88xqgun5
tbwxlzf6yee,wilqmd1ok09,1,kca51g8voos
xkaruqlv6t,nev4eow85e,0,4hict9yonl8
gv9iqvqr5es,zcovudzhyr,1,9moiqwy01qj
yhk0t5zpbyd,37m84r8sbek,3,ivjj4jo75b
pouem6vl8fr,d46cvo5b9s,4,hngbn97i4uc
ni27bw7lrv8,e6ah97d098o,2,5oolf2sqabl
2h2pgydb2jg,sf0rrpx9rdo,0,xdd7baots8s
xt5krfwxow,zui759vj6,1,k5w6wv50k9q
ul29xmrch8a,psyxofm7oir,1,6mtw1qth0a
0xro5yqtwbd,vj40drbavp,4,0plpw78djie
x2olbjpmxgi,fo5hxt1r4da,3,g3gvj9b100i
cgaetoci0kp,zpexp1bsxv,0,68lf1zxe1nk
objjbqfej7q,ohsckivsszi,4,0pms5wpzir1
rc1u16ynye,togfeq0t0on,0,t7w6t2zknqp
04mwqj9riou,rg8rjwp15hb,3,qzzcreaygk
o87htyg77pr,7xr54n0tri9,5,6ibcorgfszo
0baqvmxcf04,ajj31swoj9,3,6om6vdmm3md
9us9k3vnp28,10larugktsj,2,4vpyiotulew
xvg6u2rwthe,04vehij72r7,0,3ftot4et8pm
u3u1fxrgnmm,6a23ev1fdfn,0,gby7bgk6rng
jhip06zi1q,iqtip7pwa2a,2,aihyzszb7qe
0hi884l2pku,sb33q7idy3,3,d45brjg3sy6
ik4h34fhb8t,pgzenxrm8f8,5,gdop749ee95
3732qeivlga,llh1ng9coef,4,b3vismftty8
sqt08yrzprk,i9c8gdj0ydl,2,ynz7lsk1v6d
v6w1fkceuec,4abt86miew2,4,jgjgmpogny
5dzdrw1wxkw,ftt39z4ncra,3,6zb1pjcnrmk
0ej3yyv29d8,4oyfkz3ryn,1,q57bpodp4aq
sf0ofqu6z6,my454a82lf,3,x9d9edfhae
xxfvq5hl4qi,wgjjhkx6zbp,0,pmdwyuxas2
5cfs151ynw9,1pzibuku1he,2,t9jmpe0t5uj
nsq9xysw6xh,obr09xqkimr,4,gcblvidi5j4
nw64mdwrdxa,aqqo82cc3b,5,yg2zxfkipbk
fshnnx2dw4,th4rr59hwy,4,6gkftdiewzu
p9thjow8hvg,8hmt2vinl6o,1,blm6i6hhpt
jj2zap3zhf,2oqzzbm9ijs,3,aauu9exaiji
bvufx1xtxk,j9aipz1id3,1,yfvy7wv14oj
w5xm94s2w9a,3hzus16ex3r,4,ff34izp5tnb
k06vy8dxpri,cq5r909j7r,4,92i8tk7gf4i
b7qw53hamvc,rwjuc6wm3f9,1,b7wxjl2qmho
x9hqbgmwqiq,gltmmdidxs8,3,d0h3hscjqkb
00xzz2sypww,e6l36jpow18,4,lct2mus2abk
urzrvybfir,8j7fxwd1sk,4,zkw8xksg68n
9vr3i6nv2p,aimrg2ddoi,5,t3yp3ppynxd
9810ls5t4vk,xpsu4g0i2om,5,lmhggtpi3cc
086r7zu2164,devwsyk4q5f,3,uho044vbbj
urn0zmmfutd,ppvcigtky2,2,r75wotmtpdr
8i0dtrv403k,888a5wc6hf,2,rcnkg0n6mzq
zxfnijbenip,0em30dz55y3,2,ork0dfzfee
d7wx67jixph,u7j94hvrazi,4,7s0xdw3ezun
jj1j9o2nusd,7rwinfogyhc,3,js8sycsta5
2btpr3def1f,a5hx0v5d7ar,4,9xvavqb1ky
bk4q0yz0qy6,nrtwjfxuw9m,5,ixmh3n1n5vc
984ppu2pj8q,wmezpboeq3c,4,vdd8mdon95
aqjdvxkaq8,ufqq4wytt4q,3,o92fd57zvt
e6qdfdpx1gd,z40oovj33j,2,sbj2qzw1am
nd5pjo7dmvm,hvmktjxdf8q,3,lu68nf2qvx
ohcvg3p9sgs,e5fqx8gj0ct,2,9ijmdi95qc
9lpbtfk3k8u,5gpw6c8k1mp,2,zoo14z1dm7p
ejubgt14cml,713s3rk7ywe,3,vlt40qyj9sp
brjtjnufgoi,fbecdaoy08s,1,h6jtf9kgh8e
vqyq9rjlchj,jq9j8dnu7qc,3,43de0szevu
x3qxaegd9n,zxe9ln39s8a,1,1ym558atbvl
vpeps0mvyu,b3hxhfzd705,4,3ybi9y59ovo
5z1hn2lg4mx,vjb5hch7tu,5,pgro7549xm
f7q5nlpcu3e,izyw91baw9k,1,989anzcjx7
mxrderu2qpj,xbom8129fg,3,y21vnqvbvj8
94jf9ngznwa,fe6n1icjn8c,3,f1422vus7bg
n5xxnve10ag,jtucaou0n4j,3,9jdztcdibkc
3nh5jh12n2z,jghwweisfkn,5,ea17f33jxxr
nx6a7wtwzq,z17bkv28ik,5,pahs8hk7ky
70bk4ej4r53,w0bf91isdy,4,ldnzzev50f
ua0flv7ool,q92df6nh4qs,5,u5ez3cbch77
fc29fqwq4be,l7kkkiflwm,2,bebqhz5d4bp
bzfbho4vjt9,rk0l0ikh9cg,2,uodidrkkemc
sjliy4afl9m,irci3aawp7q,2,t9t5th2r52a
ipf26tbn8q,qibfja5ayie,4,nsqca3rqav
39w57r0kkif,lw85lozmv9q,0,x5euja1eq8
1cqhm9av7zy,cutkgpccyk,1,0l9ect67aqc
ylvub0zgka,2h2fkje2spz,3,s69t2ffzatl
x3mx74hc97p,l8yxbhucmp,3,2s1amm3dqb
rnlfr4b1r2,7zq5d55sb9c,1,lciworrep4k
osojvl5t3jc,i2xz17ahhf,1,f0pmx2tyjnj
dkeekttswp,j4wt3px81w,3,ma2mqf1dmkj
w8yrerf2y5,vphrvh4jm6,0,2p333v198fd
19gh25xbbwh,e0qihcah6j,3,mi9afzgzd1
qwqyyedesr,dpqttjdb54b,5,fhi93x3qk8f
6wn1zphfetw,x5xvrbnhu29,0,g05mxigerc
7dklvg4mfxi,at7q4stvsf5,3,pkrdsglnfe
7b08nlq8yrh,fspnw9fnzhp,4,ytuumoh4yto
or4nyyvs18,hl70sze0s6h,5,loujesxdbch
uvtu4yo83b,15nec6l5ls3,1,2tb5x6r90uk
xazkygu8918,k01n7ck1wz,4,pou999xyzb
6elsy7oa97k,otm0g8xz00m,3,jzx425evqqb
7v5gbry9y1j,5xdv0yh6zq8,0,z4zc8bsrcrq
p735d8i15a,l6nukshr0s,3,7igh4gkv0l7
e31h42y2ghe,9djxml4k7as,2,27fzygcn5ez
686tk7q0r1l,aufpzytlenv,2,271y000bbj5
qdnnp9z4lx,4iy0hvvhu5e,4,1y28bwj3lug
m6u9x1jlos,rj2vyegbxv8,1,pu9rnvecm8
8n68zqpyq3l,c6w7x0nteh5,3,9p1u4r70xe
1kxjdpmgal3,3i6mij9envr,0,vkqbdiu2q9m
0xxwlskkj3p,asnmn64p98g,1,8h2ad1m8ij
ma3q1ak1u9h,0lzn9uo950i,4,has5oqdg6v4
1mgfsb90dzb,uvxyw5nf4l,0,msytpyclsj
fbafsgxvza5,nfjgiballxa,3,ys8w07k56wp
zmb2palm5oh,wnrftkxskhg,5,7gqeunh5e5
7bh5bih4e2,jvvc48thwmb,5,u2uayeq60km
dpc9zbxalfn,gzcl6q4d4k,2,l3whvirvp5
r0ltc0s92la,475y7ziyvex,3,9ydkt40t7g5
ztq22402wsl,9z9t5ot007b,5,8bkt10pnvaw
779njqocso,7qo2zjy94is,2,mzeswae9ly
coc15ssfvh8,mpjfafgepid,0,bfzs7kxk0kw
9vcwfzygxmm,6vpqx8r15ed,5,7bpo98yu41b
r3ammtmy03j,1lgvsxyp5qe,3,i79wneocog9
g41cqqxrq09,r7vlydnr3ei,1,78n6imvfuh4
bop8l6d2slp,pu7n33usv1m,5,02k2eazi4jm
2uaqba7u3wd,koee0l1ixzq,4,hg6dvhm8hh
kkrrno6z6s,ti5h870q6e,3,cjs1snq2pa
lgc17uao5h,5k3l2k5c2ic,2,e0dn34rlezf
26g2wq3qplm,7n9gtw8hssq,4,ytl3lqfvgj
r4vzc6ns8q,x10qsqut36g,3,2olip46ldzp
z8zt7lcyg3q,37t09xt5gzx,5,5jut3amyxd8
q5xiix9g1t,ocv0rro5z1o,1,6o02rxitlt
571m9fi4fa5,yudb57wac1,2,54yk9tkotje
zl7wp5acz5,zke30hg7ern,1,f32drdn5abj
4moyc8cjuwf,hhbny01p8qh,2,3dnpoide1xx
v3heperhp5,d7i6ktw72,4,95e5cjoam
hhpirt7lzv9,xu4848gia2c,4,fo1qcudvf6
dqyuo10ywh,jjn91j3qg6,5,w8b76mzot7
pemdgdbpg5h,oewm49t55rd,2,7opfntfco
qp2iehlo5,zav7y7z8g5q,3,fs2dcws1s8q
dzhvalbp4m,f09c09u9s5,2,te2usupa3pd
acj2vzqfnua,ruh9fcwzx5m,3,xt62wh2za3h
70c6xaul07a,5epe6qxvudh,4,7w8vndv1jyw
7chmdpeqv0o,yq4jqollxka,3,x5yas42320s
1hf7jm4zri8,8rx4d3cdb7l,4,hrd02q30bjk
cmwix8ch2xa,ljthdvq4bo,5,i432xc5hwu
ju1j3l0r7tq,aytf5yu1x8,1,7sdthje1ze4
9dky3k636zi,8kgijfwl007,5,i6e7f6ltl1i
o2klg70seaa,881xk95y5xt,2,0luv7hgycbx
5gxvjhy5ppq,gfoijlgmm5s,1,47ujm2aqiid
cme3vtzmjgj,6a4lmadsavy,1,ld440mqu6z
5gvjyfqs0k,zt0snugf59,2,xg4aaivcu4r
f710zbkeobg,qmkzfnyb29s,3,z3v36q92fw
thstsh1zr4l,epm504qg3su,1,5mu7wilcxrj
xrsnh6hk6ec,ejvl467bqw,5,e2m7c3ba0zv
2s6i58meee,v1hbl5v4lto,2,etmisultnqa
36em27efpt1,vfebis40bx,2,6domv45gvus
cvjtes0e3dl,634xe3lfa5k,4,x66ugudsem8
6dmg4mug43r,cx0qnn4byve,4,1zaqbhiziyn
qrr3f97m2y,rjru6yuprz,2,ivc08oct08
rdb9hyxmhcj,a3ahu3ntmqj,5,m6etvxw4d5q
wao2t46imrk,2479a1oiqnn,3,xz0ht33hv8i
su6p3alohn,10tva52mv86,0,dgm1u208ziv
upn728pe8a,0phbchm4az7,0,83t1ry7fwdh
x5htx4tq5zh,npa7yr3wys,4,631h0jspcho
ramvsu3ltkl,bfl6rvqi9t8,2,1fuzlx8sbua
6lyexacp7zw,xi6m2l86e5f,5,lguelxi78bo
lx5bi5m96c,n4onaf2gb4q,5,19ityn8e6oi
77zs0io5exb,2prkqm55glt,1,gnoy152tg6p
w62042g0wyp,zb22812iinb,2,aij7gxfjpzj
16n1dhdqvm,cwaop1ctq85,1,f5gxjczntnl
au7llrjmpen,f004sqdbqiq,1,6t73fcwuf34
fpx4fsoao6r,cwa1nid7ib7,4,hwrhsgp5jku
17zmnnxletx,1oroivq0ddo,2,ljh8c1l8o3q
2gaj8nuqtbh,6mjflzzg2ex,2,e787pl0a1qg
36txv88iui6,vfu4dg7nf7f,0,xelki6lxiva
a0icwl4a32n,48yxqq375jp,3,8zul4mjcxis
3jkq86cg4of,kmv87m0dak8,2,bir7zoc6byf
k1rmdg69hwd,b0yt65wcc4d,5,98nh7prg3ku
v5sltakh98j,s3xfmx34yhd,5,dipphvpf3we
wgzstv0b4rs,yiwfo967ebl,4,ozj0kud9x1e
g0e95f9akc4,sw7y4p28fco,4,t2d318e87h
dr4hqks5yjg,2z4k4vs3whx,0,po1om2qe2eh
dr9wygr7yh,azkl4zi4ro,0,078c2a1tlc2
0h0ow44flz5,9rvum68j3w,2,nq0emwfquhm
4dw8knrey9a,lagzssee0kj,3,rvq35a056uf
1xwfmogympo,2zi4pqsgh8k,2,yjkpouol1xr
5ikjzlccv4j,g7n923ekaoo,5,58y7jiyh5ht
dwlshi66w2t,nps7zj68np,1,9esfl619vxm
yuk2j0ucwv9,vwk6r39r57q,3,o826ham9q9g
r0mzbjmv2b,o2mr4wr10aa,3,hubtrit89gi
f0kp2rmolxj,epcvoafpic7,2,06jkd8n17h6
0bh11w4kst4,4varnz5wxv5,2,timn0cc5gi
r7zjc4pjt1,i79bx9y1ohd,5,fzhj7lhzp3i
v1mn539x1e,5sxzithf7vb,3,qcx5heh1hwb
y7ezciwip9,mw24j7qgd4q,3,0goqfmkzcpx
cevikm1y3vi,dn8fhv6ivkr,0,4zdyh2mnu9g
u8jj5fdefh,hc28pyyx1di,5,zwdwt6jxm6m
q752k4qf9rp,bn4no6ssqfc,0,587n75j69i4
az06hdf7ls,ybtokb5he0g,2,af9eylilcpp
kfvild6n7a,1r84sc37yci,4,ki1kulf6bv
llbts75iz2,zmajr770kw,4,o8nu45asmv
6xwhctrj5as,54a341n8mqv,5,gjdr0jyo5st
1sqbq8rc9lg,11v81t6w7fp,3,te5ieas0qwr
6u2ss01gkkg,m7hhbt40mn,1,lzq2q3mi0x
jzn9cq62tnm,mdeusz9qn3,5,l0edeyliscs
txgvaa0mive,c608gqafbow,1,zortdh5kukh
13788xsfp2z,lo89rc23ark,2,ty24o3ofx2m
7ldfbicgdwm,l42ei5ilk1,0,ej2aymi6ron
klab59zg7nh,nys3tpxcao,0,wwrd2ei7nsq
uem09ab0uar,8f87g08n3ax,1,d4i1pd1ek8
txtimri0hrb,ae7h51rej6g,0,t7yrtg3j84
wobvh7s9ql,y1c59zgsj9c,3,kmiyrgs0cg9
jenykgqfyb8,b3acx1fd9xw,0,c0fpjyhgp8
x8xcaxz8c7c,93szr9s6x6o,5,y6xbj91hbtc
onyswb9p3go,ei9lnpeywoj,1,qxdd5g7r3i
7cw4qbpx56e,8y6eh6wawtq,5,tchbw4hnr7
kgr7gwyy93r,zhlk90tx3c,2,2erc556f0bx
wtdh5mjjm1,zlwczpvgj6,4,1m19os2xoul
fjglcnq8rxg,7x8rf6az4ve,4,4updxpwenua
yevuxru893f,modv85w4t0j,4,wwfmp8e60t
gahxqq0ikk,o2wjteka0ib,2,q2c1adi8n0c
aai9i7qwqxu,ytyrrhloi3,1,f437fwgllu
fua88jihvd5,wlao8k42n3,2,6m9vfkcla8q
fuzfuoxx76s,tr55molg8q,1,ywhocd0csdo
gyjgt4kld3g,5pl8nc11gnp,2,9u5iocvvlk
dh19hdxmgl,p95b9c664sn,2,a6vcs0hsbwp
c1e7zl790rj,cc9jni8d3kw,0,f8taus2c79r
giwi78y1ux8,ismn647moq8,5,vvho9celw1o
qhaajxz96bk,abatcx4dvq,3,4jqvy6x4d8q
nq3ohi9pt1c,9aze7nuwuo7,0,u534sxz5hyk
tkw371orm7r,09qu8zyegwt,3,ytxe2l976f8
gtjaj30rtv,22q3qmczj5z,4,5vwkq9tumy5
ie95pr1qbd,f1qf0mysbtu,1,y0qarkk5os
seaij297gtq,km9nq7fkzwh,0,nanaahdh2qk
mskzhzhva8e,tcx43j3arde,5,jeb5n4829c
4wh7ngkzm2l,6p03zg770yc,3,aryr3ewr1fm
e0tpuxrpids,gvmngg55gkt,2,e0ax1ntut9r
oej2ap9o96i,j9ak284vmqc,0,6kaswn52s6y
xdavcuid8rk,24wnrzo1lb2,2,61cce3qg2nn
x1s79hodj9,1wja51l6c93,2,zi87jyhi73
gon9qutnahp,425yyzqfbnd,3,nzj6akq95vc
rhpta1p1dr,mafjj3lp4so,4,96xb58xsjoj
9xk8m2ko0n,jbl59rjxva,5,nfozlrjo7j
2cybukwgum5,qcqsm77bdzg,4,uiffxyqczu9
37fykhvvigd,5x1nzsa0kte,1,dziq0qpdkb
70wti6vqtt,cls5bbnvk3r,2,os0f033sq7p
benr6vldm1d,f02rjys4c2u,0,v71g1ouc0u
kgah4lrlyn8,w41t5vygpvq,1,46um8xy7y0w
c7xbghtiq9,k2d1uogw2o7,1,qsw8ah0sdcs
r1r8ekljoql,zoauswbu3os,0,xtmqgkyc4i
54y5aumckly,y1beb5gdxah,4,7267mfuasou
w0209rduta,ejvwiss52h,1,5620nhnjcnl
9y9gy5jjof6,443b63untyg,1,mxvyxiwpm9
kw0ng38soaa,av6mp8kxvj,5,lftb0g32c9
oq2esfrcmba,abmmx3kuxgv,0,zzoradaq8tn
k9pn48asii,5pr9tfhf5c4,5,lhylejpk5nk
78cefw8o2te,xr49n7o0gg,1,k0viza1ro8o
71t8wpif3v,f2v436n6c3i,5,mm901ffgwvh
k9rhaaqk04r,res3zt6yj5r,0,0dcrvv1vw94
tut8u82jaqe,kxc1meeenn7,4,vdrk78i8ky8
gp125llnm99,h5k09f2499f,3,frsmo5tyrvr
bvrp0ghb71o,wqz6wkqjo5,3,dtmrn1v2399
28rcszvamcb,oaokp6ojjx,5,hgrrw6qjn9a
qjxjcsbaez9,gnjgiadwcf9,1,dnz7sydkn6k
kdhp3s6ofcl,9ppkblyx3ms,0,rozon815fzn
gpak94je9gu,z4kbb47ovp,0,d69y5wmesij
mduwxegl7pb,oaob8274ldf,2,aq9k4toygab
trpnxnk4yt,bfwkgcmqdlt,1,l8vr1coxuqe
k2o5zia9yz,agfpww7gdx,3,iht0a44olxc
msek55mreal,iimmyg7pu3h,3,i7n13498xl
aq8h1f0lofp,s3wuck63pj8,1,uk1btnai57
wneceo8xg8o,p5adse4rxbc,0,6rga61oewwf
dg5pl5vfh9n,z2zso7kz74p,2,nn8ga8v8vcf
936x7gi2his,ykbpadheae,2,4548o46amqg
50n3psqqmd9,v25wtuccvz,5,0hlld75k6hd
etx45fhcpkv,dgjsispe86f,5,n7h223p2fmq
za72mkyd1u,y82magob69d,1,hzmcs8u99kb
n1hdnkwybv,nkuup0ofd0o,0,93d2wpl4dcp
zmpq45lhf,m48ppqoiier,4,k2mi36wgvyn
kau9uu7thmn,1bpgr4ot5vm,2,bp4uzom2oia
5owy5sifned,cc19w6x5ima,5,lz9w8u6dcg
ehxaqpemjl9,rvmeo64aukb,0,vmm1ya6jcom
fssm63rcpip,8uywdtl21xp,5,by2crcgf3h
39rh9zz2yx7,ecl04tv0eqe,2,e0bjgxihgbk
od67byakorr,hq0yrd32suj,2,biet0c2pmyu
c2f4aab0337,cxruwj5o3i9,3,c80gp8yt8o
sflomwtghf,g76q8xt701p,0,d0azymiccb4
p9gfr5qq1h,3zusgttqri,4,1aq4n80kn23
o9k5bbpji2,ieny9mlx437,0,dxbwskcudmh
2bqgoxhq60m,25uw3s2vx4x,2,pdt0i5da2xq
382wu8tdlfr,3ap51nwz7gg,5,pfhxwpr40kl
dt9av5km4x8,y4pbuxp8ho,2,1htre9hw90a
3iylojynsur,ptbscow95j,4,ivvfrosbzci
j4jlfomvg2,bcxyfresuza,4,1ctoommg9q2
lfv2xda3kb9,jkt72a0z94l,1,i00kfxjl7aa
2q7h3mg2m7m,1txzikswljh,1,ztgmeujzpc
urazl9v7o7,w1k8jtnux2b,0,emumm7f9ko
qzrs1ad6oca,2di3qjrw3h,3,b6enrdis9f
s54hxkq7zr8,bptukcrhhpl,4,sneji5o4srk
bbbsvkp0z,2e6zi0y049i,3,q6xurex28h
r3w9o57d6xq,uybjyqbevh,4,m4xjhsssjkb
xhk5k47wcym,rkc7vgkhg1p,1,q9aneqylj8
qpen60gdcil,cfzx4ikolah,3,axjkz1bjiar
cuxoenq0xx,3ttxa6fb6dv,3,6vl68gy1brl
lqd112a83vc,kv95s0umpt,2,1oljrgjnkih
3uak84t8xmg,salfh9mmgld,1,mjdj9995w3h
zcsc2qiyf6,co5jrvn0o75,4,htj1c1d1og
psso9ow4uvb,uorbvfyvuaj,3,xegjsnlmpy
j7o4f9iyf8q,153gctz1a1k,0,77zv2yym10v
5ac6n7xm3r7,05uodfae9kw,4,2tr69i1bnhj
ojxhoecsye,av6gzpudhyb,0,6ug0sirghvo
vl3jaul8c1,z0nzs8cmk2g,2,jnce6du2y5f
zt21abtn8s,4y2bjrt3xnw,5,250e4jjij07
z8s5tt614od,nhk2fu4oo4,4,6vgyzkyk10o
05dz96rh1o7,k42jqs8x7w,1,y5swweuk9c
t2x9j2hso8,qz5wvqdv5g,2,too3iatsdp
6gxfe7ap4me,vve0sof4xr,2,rs0l0hpkes
kezwewsmhd,p05icwmh2h,4,32mqbk8pbyk
qfkgxnzdlsj,2douekinpk5,4,kbdwqd7f0x
np5wztxqc6p,q6jz27ivewh,3,qcv83e1pzxs
o6bdabzh0yr,n4ujjeb0vnc,5,1qa63w336w6
wu16mr7eu9d,ks1ixebq4v,0,tvmojcfmhwd
hpawoxhovwt,x1wodgj8uc,4,yaz7q9yeym
kq4s0iilqk,uikxdeplzl8,2,tmfxxxwa44
avaw5lqh0co,gmgergb71p6,5,it4ckx9f1a
kd3js5hw98f,l2kgbkcy3ui,0,ovu0gzerpch
2ihm69fd3p3,poxnf6otr,4,z9a20cjt63n
199wfr1qd9w,gy92bwparve,4,t2u6euv34l
009kgp5ifk0,1l2e64bubsd,4,b487bw2wrs
1rdc4ps19ot,w9xq5ywwefi,4,pxcqmiolr3r
h8ntnb93hlv,dmv8n458rg,4,36dhyg5qes2
1d6jfgzj30z,02ky75nuyk6,1,dq35nqrxfde
t7mvekdkdd,3juc7q7752o,5,dmnbx4928y
ltrbe594v8p,4jsfl5ojy3g,2,plewf1b7ano
5gwos9aho6,h55taypfnm,3,utasbj2316
9jyxm1cbwlj,gymjy1aj6dn,1,dkzeu1syvo5
ufymzvtfie,e8w09zxmqjo,3,e3xoe3hy2k8
yy3fuc7e89c,9rz6gqgih1r,0,ma32slt58j
0bm6p4bg2fw,a4q23ch4k8q,1,3r43zsjz7ov
j9pw69gxsfh,shsi3jon9vk,3,9we6rvo4wmn
z447tyjsshc,fj1lqgqfcei,4,ilq7f94hl8
apzfozu6bkk,rajb7jii8w8,3,k2nuhlr5gdm
2beoqevxff2,ycbk8z497xs,3,4lbsvpcbzmn
uj226q7mw9,rl0f5tbokon,2,28yl2xrw49g
utfz8q0gnf,w75sm6gsrl7,2,5ljqbptkd02
l7gtd1qsweh,gd6rl4pagd,5,3n92e91c6g5
79r5sxrfq4k,ovyy6q3dqu,5,2j6qrfj2gm4
rus0mgszpgj,34mv6z2k4zj,0,lq0fzo5lkmk
7ptptxjbp1s,0ufy8dpijat,2,svep8v6aznm
ncqhyscb4lq,f8ek0uqiuej,2,lc9fi3o6url
ifqg3kld4qs,la0gt06za6m,3,7tchagkqju
xdax1cox9le,mwmuvwknu4i,3,epzmraghmdv
m2n58tm9qr,l2pdao7l6yp,1,zxctsbyv4b
arcvxjbw60n,et64pyfcbw4,1,kjmioolss
gii9s0imtnl,t7dro13czjf,1,o6a3qtz9gva
u2eu8cn38ma,msj5d7f6g6e,1,clevq15fpc
6q5s8bmmrc9,nz8u03jpga9,4,1hkndz9x5a2
gb26gybsueq,sjo7ins216j,1,a5xhualr3xf
7x7zk0xolap,33g76tgb4uo,5,9vwjkmj2o4d
hkxcxnj9bbr,h907ski0ann,3,s91gnli54bn
4yspexam5wj,fp95y9mjfbj,2,vm2bxttad7
z5q88dp3cxk,yzt7vn9dr2d,0,hoax08bx0x6
vnlep861wm,tcad9k7mpll,3,ixpth8l8vh
3vjyu6gvf48,mo5r1tuzdut,3,7fij2sb0vw7
g8ontw6glvr,x65rvf3ql8,0,ad7ww3fj9f
2citstgdczh,0q48ukpjqd,5,hrz36itkkq6
zbu5yxgqk9l,ao71jub429m,3,vprnl93rfk
6kkjghvv8kc,hhjv69fze2p,0,ihznokn3jpp
k4ca0hb9yc,7rbxr4mw7zd,4,n3kwsj6sjma
fwh0p10xxdf,ril0s6a7o0r,1,wthh8bul3sl
p9az8mrzwqb,98nq2tnphp5,2,9sgnw8jjgfo
pl8rpp3dgw,y0ppsu1h3ye,1,cxgzwdscoso
khdx8mlczqc,ujmjyxqusc,1,0s4eaihs6fr
s3txm13h5ka,0zu2ja3t8qi,0,pkwunhopx5q
ltu4xag71d,lz4wd5t884,2,tlp0cv6xqv
va2vbjexyh,9jxuepw4jff,5,ywub1086v1m
nokc60x6kql,2d3r9078lmg,1,q927lltc3ip
ul15n635vfj,8b7j8crsx8d,4,pn590l1foc
py6wgjnn76h,eq9se60npz,5,2dfhm0i6zd
wns0i4v1yge,d2eg4l19lj,3,nex3m8e3dqs
uzlyx0qyg3,nvf3swna17,3,vazujsigmip
ssbixono7bk,93ya8pp10sl,0,r27tk9x586
3rhz7ux3ps7,cvw6zkt3vhf,1,vfu1zxnrjjq
0i486tkt0jj,hmbucc3qttw,2,5iocus8f96u
y00uqbvh6zr,a9yxir8hmj5,2,o5ewk7i4un
0b9kmxwidin,xavwi06y11,3,icxqazpvtpj
dxez0y2gsuk,umol9m9b6nd,0,gtopuyknxw7
fv43fwnbowg,2bmugwvbey4,3,j1vnm9hv5s
bw6xli4t2b5,e0p7h092hqr,4,or142gpodx
7ymntvit5t,3gtprujecw,4,xk51fj4bk9
5cbhert6mtx,3qqzbx0lapq,5,hz8d5sgyqqk
12x907cp0y1,qxhihct00l,3,qov3n94dg2
tgxk6ktljw,nhaocolhn3o,5,nqq4yfsdbh
7g8mzjjz9w,t1qzv7k7is9,4,akgqksgz1bj
71bzuzd439v,70ken2redln,5,34e8v413ma3
2zbpvi3hzyz,pd7x0ti7ik,4,5eci5oqub4g
oyazjrt25s,d7as47zxm4p,1,fstgjejxd8
303f1j2o5gs,d219pizi7n,1,os1zoz3xhtt
zlap6ml4738,mwfkvu0hqi,0,ce7cekk5gff
h6ix5rqb02h,qhqw1jew4nl,2,zgsjr9fbar8
m92lyjgyu8,9lv3l7d4df,1,9x0eie4kara
tj6h96qz81s,gst2fx792bw,2,vlo85qjlwsm
56ktuoyvaw5,vnrinkzh0hp,4,00lnbhdaad4
0v18xhb9rsn,g2tcrfdahg,4,48m5m40wtf6
0uvyisbmyt6,zm5sr0ocb6,3,ccqqi4qvlll
agnhibz8mjg,31iooypkfk6,1,9ht0wt4vt7a
gcgi6b62kz,msxehnjy3e,3,s93kcr6c759
3cndm1p24iu,d7snl4a7x9,2,v0rldublm5
cqhvz874qbd,6mn55vjdnu,1,f9utcim3azm
0iz5d81b31l,h4ciy8gtble,2,j80g8wyao6o
csoixizoq4e,iw8mlabajw,5,mewc1opqzys
o639e6ixb5o,djtyjloh9j,2,4v3qdt7ezs
looo4hcmt4e,xh14p2euuug,4,kak8thwj5ac
bx01wglv2fd,yrxotwec9f,3,mu2g7p87my
e2nhg51tk6n,x9rrg6sjzp8,0,lhzyu7clu3
ji3jbhtkd4i,veexbhsx9t,2,e4aajrsasgk
y5ki31irszb,kep8jezdy4b,3,7fyzxe7diy
pwhh8x3cj4m,zwyu9ak2q5a,3,01mpvnk0lvq
yxv85qnfyyj,1hdrf4aaq2q,0,en2dbd7fscr
ho062k2i3rb,e63rq1b047,0,vrj99m27jd
hf4vuj48c8n,cir3mp6rwj9,0,8f9s75lmvdn
m85gr04i8n,o94ma7yara8,4,eyul25sssf
22858a847bi,vnrdxb7hoqb,3,3im5ec0fv31
39p55jxikui,x7boteh0rkj,1,e8x8wh4y78c
gfml86nunve,x245tkqavjk,5,o1h8tqjemu
qmxo3aagv5c,504ty4k49la,4,h1fizeavyyl
ap3lpkwppvh,gfmo1x6bffp,2,f1ximx4xjnn
gd4tfne1v1c,jitdfxv75ka,3,wy55zv4a3c
tuexneseaxi,x2tumvlol1d,1,tku1phitj2r
p27a1egesjp,o7p6y4kuao,0,acszahw6lne
ezrn74f9wih,aboa64o6g2h,5,a5cn7o16rx8
ugnigp2tpsj,jje7lc09ked,2,c1ysvmnoqyw
l4dqm0z2nrq,0j1u7492ohj,5,y2tqpasn18
iyqca5nx1k,thjr0w7ujx,2,16o8avabmeo
f02j9a1oskj,o9rvzda9e7j,5,rl7cxq0bq78
w5zwvj6ncks,mywrtkhbq4a,5,nx0ecxknvgp
12euf6gmqeq,bapihusii17,2,q9tkh6tlp7p
vcpyq857s9c,s9gosgeubxn,2,idva44zrf3a
xi8deavrao,gvyuat1eqal,5,kxwbitn4sko
0y8lxa0uoxd,urpbm9jqz69,4,t8sfuj1ldqa
wsh64mi8kl,l2n79skuv29,3,tqwrr4vlnw
53jikqpun1i,bc5ic85jlxe,3,6sg13w0prv9
z0tynqwg02,bet3lxlskk,2,vxiafdcoyj9
g4skcemqjhg,sa1oz6xn9j8,5,t2mz2ioa3yf
33mysg65n1s,49glo9esxkm,0,okvw0f0wesl
6au6oonn1ay,8uuv13dx3cm,1,swex5rmxtd
aj8chbux3xe,c473rk4w9z,2,0ydkhyhinzx
gwlclzouxcu,vvaxd9bfxhl,1,tdznaqecfo9
4orkn8jb36,vzx7t8pegs,2,octjpw8do89
dnbkithdy6l,gdty49d3ebg,3,cs2jlrt8jxj
qo9gozx01bj,gpc0asuncy,1,hs0fyano5t4
hxw2r390sd6,hh1xej544b,4,efhn4gv3qj
zcnnyakxljq,rnwney4ok3n,5,jbbvxlho2t
tizr520441q,fug1gu993uh,5,cy5zdp72mx8
env5ckh4ng5,0i7qvaihl4v,5,27jjda1jff8
0uj87ghwlua,2ax78a3ixyg,0,21hrfe2c8xa
7sq2df9xjyo,wgc4d5hi7r9,1,6bzunw5pygc
o9vr465s3ka,pnau24f590m,1,x4tfe3142a
ht2jn5w6p69,86era89xv4s,2,e8blazgmy3c
pkh6f540f7,f3vkqwbidep,1,let01dtcjie
fu6l78bmd1r,3fcwi5xq7wk,4,u8vbms10ml
2zcnxhcnja8,f3du0gc05nj,2,dsz8ie9nzga
ujev0q5acd,g8nfr9xtfqc,4,zolakh7hheg
8z4i7ntfn88,5g5tppfkn6,1,npo16j0eh6h
6vj4siy2e8o,6iv81yo6or5,0,5eb8usdz49c
6amjag4mkt,lgq3875c46e,0,vlnotvfgcws
q9ivrbo2mp,nvkm92xlfv,4,dbhuc6uu13
60wa6rn6l,7zoyzmywqxs,2,ew308hyw23q
4otx14bu6ae,2d5njn2jujv,1,emsmoku8qs5
z6wn7hgyo2,qqnzlahoq48,5,dnc3szt1lkg
lrma9jfoutq,rd7fjrkok6i,5,2cjlop24ovo
xprr8c136em,1di55jq7me4,1,9zjjuit3p7t
gh2s4k73s3p,w3cqdp6kpa9,3,bplc2voo1lk
akpsm5iqke,0v852fwplch,3,349h1huirok
abxxh0p4r77,gcmunoiha2,0,6epx42a9hbw
tco1yax5yz7,dy9xbb6p3ks,5,huxjs7x63ft
49x43g1ecws,35pdaqluup4,3,qc710kja0mn
ikvj1cmxwfb,497hdgtx1p,5,wm938z6h3o
5hege1y4bdp,wzpjqqy56a,2,hdxyx0g41q
e6z9639cc8,0dzq2qleu5j,2,tod279r3swj
o78nxld1ql,qfp1h2p4su8,2,uq6pr6sibq
t1htbqfbuuj,bzu7oksp2wu,5,06oxq461a15
l3glf0rmzme,7ti27d8c83g,5,26c8hpcoyq5
urr81q6cvkn,csm7epn71x8,1,irz02qgg52
4oid0w8w5lr,04o55lgi2s0,4,ih25rx94zle
f8qqdw4x68t,ljhgn2gihxt,1,9clst22q3y7
yo71ffrki2d,nlhq549x7tk,4,6sbtan64x3b
ts1n4475kgf,kejx7ge1yi,4,j2g8cnxb8
g9mo3sm9y8q,s0vur7l3uv,1,sn6yrz819c
15n2rzs7si2,cvxbg9qrr79,3,xggyug3gvs
batb2xp3qeh,axsu0n6k3f,2,k4b8gze7sq
znclcfjvei,7xyu9kgokv6,0,jnqb1um0p7
o3fjkwta8s,i7h721ncfkl,5,djw0rl837qn
iyp3bhq70j,rfggmg9b109,3,vak29mzyp9
zlnpxsujvcb,9n9hooqz4gu,3,9jqbctt6hir
ys7rtpkxlyj,v3shpol6jy,1,2rcdx4opab9
yjd0sl5zis,z2onxdqe8dn,2,zgz8w2dsdy
em74jdkkput,ojx7anlgc4,0,n7n1hlxdmn9
d1zbzfx8nzi,ymfskf8bk7h,3,oetkrkh78d
fruziqywmv6,ujfb9j92uvb,1,943ab9v3yiq
txlka9mn3bc,f4t75yg2q9v,3,b906qeqeki8
bbbl44q3o6b,27io1op4a2v,5,einupc8bnlq
nx03ldrlrfq,afzdouwaeqk,2,le8mog1ataf
1drlqh0ioei,lmtwn8exqd,5,5j1g0p3mz2n
e2ufsmwx9p6,89m34i3nhzq,0,gdm8jo17268
qnakerl2cd,v0jybddpf,5,zpupxu37za
v8z26c30zz,jeph94p7b2,3,vbxqwau9wp
fzcg8j124j,g696gy7ywcr,4,0gqem62nkgw
y7gxxjj7ldq,q92si6gw96s,5,xbuhzxjemkn
ty18k3bypbk,jlml6b1lieg,4,rrl0tq8rnfa
ss8wv2ljpf,q38au5ox4on,1,e1s03o7fuuc
4b62vntaahq,5gowzco5fdw,1,9mp9n22pgrk
9ne4mjoqpk,wfi4ybswdz,4,2s25i0xcobm
bzx4g71ywub,p1u0tsfef4,1,mppgi3lf30l
0i8wzwifkw2,frinbkc2zva,4,l2dpeywx6qf
wfg08xcuyt,5fijnnl6txe,0,w1zxdz2qlrm
4qnht5f3a63,li5fo3fdf1,3,fipwrwjkio
oerms7emb7g,yhc0qhtaiaq,3,ot6tcmjd2u
by4v0lperr9,abl5andq5ua,1,lt8tg96ry9
npi0se138il,ecndgu6vg0i,3,lewxcyu8ey
cfwak63axas,ofr28s8bi2h,1,12vpmlem7c7
w9ojef5kjk,0uee7qspmci,4,dgci6957mfv
kemyiq0nku,4ntvwqh3pvi,1,lgyos1h8j7m
y24w4t8usfb,mm8dqtvy2t,2,076agjvphnk
m6hw5uc683k,f0ww272yvp9,3,zr57veicwm
wtzlnychu3i,7nwvjbcz7ew,3,8nhdlym5iwr
ooxisfku1r8,e7s52u5w0oa,0,q5lw640cuxi
e40r6lyhu6w,d1ywgvop0kd,5,x3fk7qadii
j3lbs3t3rwo,i2eoayjugf,0,9bxmlmnw9l5
y2d35man01j,d4x4grvsy,3,1hzo9sdjvn1
1afle1bmi1i,efbte8ya7z8,0,z9jh8wzyaip
78m4pcqmxcj,njue05oy9x9,0,9e7rdfows1k
m9lo2pcwhv,0wzwlq9z2w0,2,ei0794m0cf8
ukxs83e73cb,qq0xtk8aonp,0,dyitbirhli
9mbmv6skqum,147ee89eeuw,3,78k59nmn70d
lszqoselrdf,qse7asvy0p,2,w9d38tfzhi8
gwlxf3hm8s,t5y6lsgsn9q,1,haa97kv5a7e
6hfffmecjhr,fpeib8e4xrw,2,vxgq7bl1gga
dpox18l42uf,e06kr577s8,3,pbvtezgy56
g0nfs6c8v6a,vdb45w4bwk,2,ucu6anfsssp
cs4zkay9ghk,hviimrm93hn,4,3cpqzdu073o
8n75nzqjb7l,8f5mcfn6l88,4,49i9yspmtbw
lap2cyu75t,ahz92071ru5,2,o9av1wtkz
gkfhcgdlq,d1tan7a83gs,5,hqtlygxtszg
83vgsaa7nj,3dix414thxr,1,anv74reqs6t
8l1tle3dkh3,jbvdz46lv0b,1,ju8qhe7z1hb
ovc71ej67xe,jhp3fm79ss,2,24ts2qlnai4
2u07eifgzns,4qlv86yzaog,2,w8apknad11t
0tmyfmpnrlo,k55q9tya8p,1,46pzg1azjm
qpx6ziqpqxk,vtb3kxaf9l,3,9igr1e8b69q
i22632pz1z,iqxq1235qx,1,xc3gx4vpoe
d0ry80eibqp,sbm7hwp8fe,0,191st36bj6b
242h04qn8at,w8n7q32q3g,5,nc3uqowsp6d
eqd4ha7r2af,2vbo01ztk29,1,r86xhqj0zj
rewcmmc6d2t,wvg9guzyxt,5,rvv8xtesm5
67ki7hxn2hb,olf13d49wua,4,u8os4chzryr
hmj2bseqzx,50g92u5bp4,3,wwi43g2arak
7lt4w6r303o,3yh8m9emkb7,5,9wyyistmiz
lqalj4hw36q,yjcqh7i0e5m,2,e0budrv4wsj
c69mhohd1m,pa8ompf14re,0,0g59ck8fmwr
ebeg9dpz8bo,uw6f1tejujd,1,nl0yw7t8sd
aplrs60zvqn,egol09hfb8m,0,69n1306ai2n
cpz7q71ixgs,sgrcgtxubbk,1,cnughsvmu5u
tgslxzuk1ui,ybj8wyt3iua,3,5z4138g2tv5
468c4rjj8tr,p6nu743inht,2,mm4fq31ijq
seen332dpx,z91a3md24q,4,v292keqtjd
74bgapjg9eo,o7ztgzdh3u,5,xny1u1w77g
b4q5f0ipya,m56cpbh64fp,3,52rrzsi1bw5
82hoq97nl23,znpceheq8g,4,kmi6phavpw
nnwzdc2usmi,ctyhj7a6ak,1,a4l3so1mo19
rpvw6zrxafr,yb67dvt5f3c,5,xns3o83vyi
7lqlcvf4dk9,91h8hbiea2d,2,i6clme1fcll
uf6vwm5shhq,lqfs2censoo,0,u8awhjolla8
uwje294tnk,51pn1ti9evr,0,5cgqkf8b1bn
nv6506ajfz9,shsd2s6gces,5,33pbaagg6x6
ecsextmkrcn,ej35fhfp9sn,1,omaimybx2dl
czbk0vc247e,fu5tbo6d73e,4,6z7ddq0ha4k
iu6p4mdv77o,9m7z2hv281i,0,ahl2ri7y3ap
gfgz704yaz6,x2ax9m3aqua,5,rqcpwxwdvld
7ukc9lzv7zr,nrdp7cxgz,0,jf6qv30eic
6ggc4ftyqg6,xnoglplc94s,4,rbv9q3vor0r
qc978fji3e,vhzzqa77wc,5,a26gw9vti9b
jei7200n8we,529uf11dmz,4,12gp9qwa32x
xqyz6qxjvw,c2kp6fpj26l,0,a5i2nxluuas
wyr629a8h8,ufwwtoctmf9,4,nffb0nt2xh
qew3a5aorr,vdxleny012e,2,0lypt78gn04
dylbp6ku6je,i7jq0gqyer,3,ewtn6a7jftr
je62m0pzt1d,t7bcddrj25,5,957raf7u8s5
3v47ngl4rym,ju4qu28g9qh,0,kow61tj5ao
qm3eaz9sdj,2rra9mfahjx,0,fm05she5j0l
03uwpv1gtc0,s3l1lcrlka,1,aw85i37e3kj
8eictbayktf,s5qkcwfvm8,2,s82db27q7il
4rlxcwotpqt,qo4xixj6c4l,2,xa2ja22e7c
ydp2nos5dy,f5sw3s1bx7l,3,yh8nylqa3mt
6agq2y2ui06,zrgr5lx0orh,0,8rsdkg2ai1h
yfr0xxyuba,rtgkh3ee4w,4,6mwd8p69b5
qkdf0wn0zu,witgwr8e0tf,2,w4a68yuzskh
n5x1dwps89s,1lf4siewm1d,0,xy8okynxx8
s5p9t1gtsnd,dj1cdwg1caa,2,ib9abzeotz
l6rugr0785,2tz325dcu2i,2,ap0um0lc1mf
8hv6x99p9om,ksjmqx8z7mj,2,d0wkyiobxv6
i27qrwe33ol,dai0jf8jpbl,1,b4hfmk1r12h
pudx4qt5v2,04rkyl49m59,5,idh9694dtk
emb5db8kzg5,i2hc3tvhmq,4,fg8picw4sx9
w0t65ncxq5a,g7dkjbel3uj,3,4begqzltc4i
y5aued7fyu,k798busrrpk,2,66rwsvgb05i
f1ph9u7551e,scqqykspcm,3,pctg2uzh307
lv9v3v9lqnh,ybwzy2bqp3b,1,dx6fb9my9uo
25kpv5jhjqc,zenpq06r1gi,3,gzx62lpi6pb
ibgynqy7lnf,xdo2j53sdu,1,ql0n3q21r8m
1fsgvqpass2,ulwrdnwxpcp,3,scggjfsnuzp
vgb5u8nkrcg,4myboloeyze,5,wn4ccsafmgd
mjbsae2ia4p,e3j9igsgz58,3,wbub93gzis
3mmu7vakx0j,8wg25ojnlnq,2,c2a8f7fmmk7
5075eq43zt4,ypyj795cido,1,za4pii9z8r
5srtr0xj5c3,69lid0tdvt9,0,avvjik5nucm
jdjt77z8rmt,g441ibl2m6l,3,c1v6p4xm4z
e1onho9pxlj,ptyq21yaou8,0,oyi06jhzx9
troadyicnx,qbcyjx0b9gm,0,41a42e5vqu3
fi003yh8we,q0ybxic8tf,4,99qjnz75sls
lrwbuqluts,xibok6i4jo8,5,uyn6hqxunf
2d6hq14bmr,744kl4kpteo,3,dglvcgdm23
ngvc2gckk58,brwzzfy21bf,2,zrzfmyklawg
0sql4fwioya,5iovszk1up,2,884yr9votx8
00xgm8235pv,jki74u4cku,2,zk7s5fhi4va
wth33dov17,w7lp7n3794e,3,oqjwidcxy6m
ue2p84boj8,y5tnz0nfbz8,1,a82qjla1845
ekjcqcqjh7l,rhmmr3tsmkk,4,2axj8pbtvch
gm7kciw3k6k,7oaqqicy1ls,5,bsmvevmzzvi
0t5eyghdxj4,o0ztdvab0r,3,jpp33zo50za
cob3v3dut4e,j4lf7nbetk,2,te48gyc2zs8
g7l4uepnu5m,pj4kxl69b9,0,d533auqdz4j
0zxtsvcdcak,f0jn62z6c1s,2,hfakevzjxad
pc1dp3q1up,1pmf116z78f,4,figzgm5cogn
utgsmnqja8q,7etwj9s8eta,2,0e3pa01tvhs
wbomhnfwel9,qif3dfs4xr,3,l5bzd3k867k
wsmtj8axbd,hu8wlbrpd0h,1,io9flixjyed
yh0w9me191,zs9o0e32ojo,1,9an0qosk0cg
623uudu5g0r,8ilk148kg34,0,mbcwzqr5i8a
k6k9vmfjas,l5ouhmul3fc,3,orkns5e4i4a
i864o2b4ai,fjxiqp0rr7,2,t6sqccsm4t
1ti0ogmv7pe,qatxi5q8uds,1,6sfv2ree50i
397cm2uw1yj,lzo6cs0pv3f,0,k3cn6ius2wn
xzwwpayjmlo,6uwfkbk4b2m,5,ueaeyi0jvi
uvjtyzko4kd,9zpe1mh2aao,0,bxrblf3w4o
s9i37xyx16,fziwnat5zs,3,zjr7uw3vzjd
4xy063nokkk,dvv1es8ba7o,0,sewwn4l0e8
d7yvga3n41r,711smbakchd,2,gar0p7dtcd
wc2xk6cyy6p,5mh1asm3cuf,4,e4t1qczfsvt
kqmctg09gh9,ejqo2vc6qvp,3,6ddb0ygvlor
1vu0orpoq43,y44qcxjizh,1,ucve3t8nzwd
jpp4gl3xghe,wt9g0vggpw,2,kmgc2vz0dwi
fhpjxqy20mp,f6u5uac4eh,0,pe1v91fsn1e
w7zy9i7ettc,zhr1nssfc0q,5,nkftirtc0o9
wq0poyuv5pk,ob1s9gs6ozl,2,8ja5xbsv6hu
vu03n967oy,djg4nylqnsl,5,7ptfmv2gmnr
6b1whejvqyh,n7x98qsejmm,4,92xkiu4idam
emztp7n64ls,occcoh9gz8i,2,vbxqjhp7qf
dwumgsi77gk,gn6dsjaplx,3,m59xghs2ep
rznrbi808kr,h5fz5v2wuqe,3,niqfrl0rj0k
qsaggcffsw,erk6vwwdzos,4,bngwqrowsy5
xx40f4akxos,w1czr0roqc,4,bd85sb9q3fh
bzi3oqkybq4,hrecbn4264,1,epjvx1xzvy7
zorrk52ndu,bd5w8nt58yd,5,bqt8f6c7fad
oh6i9g4dked,hsyc03efwll,5,otdfhcy27gq
6gcl30lj85o,blrv17ujyhh,3,yvb1qzs7z3b
yy4cxm3h5h,ne14cpff3i,3,z0pqdxvffh9
kpwrp670mv,9e05pa81kzj,0,pp02w3n8vsi
cx2q75i5a74,5ejbx2t8ial,2,c1d2owdxhp9
uk5iaiu4wah,ree4wdd4is,2,k5xhcgr0ak
kk3rj1895gn,8nvbp0t0jk8,0,vi1v8h1ldo
3entvpp0gzo,c9cenuz2ht,1,obka6yqohig
3h6zayg6l02,5obfku1d8vm,0,f3xsk6wvtpc
v5j740liep,dc1396uhfu,4,t5894y04bj
qtt2bll7kxl,ny03saft3g,1,i21820893es
xmpzzcr6mnp,ba398rmtom6,0,4ifujcap5k7
jc2d6nucs1o,ffu68kh9zmn,4,nag06ir70zb
c2dzekanw4u,ck0knn09wt,1,keelt7apnvr
fps0cy5jba8,ty1znneh9dn,5,sbt29ei6iti
2fm0p1z42wo,85jxo788u5h,1,g2loczmbrtu
whjsc43xs9,3vu4wyg6vhk,2,hild66kr7ed
5p0nb0k4ads,r5c0pp68u8c,5,4bf515kahg6
u0gtdslv8w8,gttx3vnct7c,5,69iikzcbiwk
ivav7hvp3wq,5eu0i57ms8e,5,1b931foteo3
117ikzv9k6h,omf91b8h7c,1,8xm4gji40hk
c63w1p4mj18,bnqhl44irc,5,rgkiicohh6
3ktl5bevpau,565fi1i50bw,4,bg7ivzyg5p
1wxqckcm83x,z9vuyfyr27,1,08avodkhxlb
mds87815qsl,0a2vnprr2gj,0,lmjwjq3h2t
ci1qltzskfe,6nh215b66t,1,5d2i9hth76v
0z74v6gyhrz,nv0rrhe75,5,uz68zwp1zne
xsf1tzdf7yo,yt6tzt2e2,1,mujglxvqp2
sae0a16tt5,dmi6zt9apzn,0,g6rh2zu4f9
q8dnm28tm7s,4mv0w03gbha,3,mh3uxk0rbfi
c8ntea1ms4,equ8o2y5gdh,3,5h89cp84m7s
2hnwlg91bzl,6i7przcm7bp,0,157nn913rjp
o0zlvp0i2uo,j1p1j304hul,2,llpeaigrock
7fxceaid3h,48wifxyqkkq,2,3hzu8zxzsul
a91z3i5fqfi,tkjidfd7bw,0,d86gy7dhz7
4km9py8bdd5,fl11onmykkm,4,a6hx8tiolte
mq6n85usbh,w1tf6b83mv8,2,974ikivoy94
g5d8guaj0na,5gcd7u4977t,0,hs4qrac6p5
